{
    "32": "Font35_20",
    "33": "Font35_21",
    "34": "Font35_22",
    "35": "Font35_23",
    "36": "Font35_24",
    "37": "Font35_25",
    "38": "Font35_26",
    "39": "Font35_27",
    "40": "Font35_28",
    "41": "Font35_29",
    "42": "Font35_2A",
    "43": "Font35_2B",
    "44": "Font35_2C",
    "45": "Font35_2D",
    "46": "Font35_2E",
    "47": "Font35_2F",
    "48": "Font35_30",
    "49": "Font35_31",
    "50": "Font35_32",
    "51": "Font35_33",
    "52": "Font35_34",
    "53": "Font35_35",
    "54": "Font35_36",
    "55": "Font35_37",
    "56": "Font35_38",
    "57": "Font35_39",
    "58": "Font35_3A",
    "59": "Font35_3B",
    "60": "Font35_3C",
    "61": "Font35_3D",
    "62": "Font35_3E",
    "63": "Font35_3F",
    "64": "Font35_40",
    "65": "Font35_41",
    "66": "Font35_42",
    "67": "Font35_43",
    "68": "Font35_44",
    "69": "Font35_45",
    "70": "Font35_46",
    "71": "Font35_47",
    "72": "Font35_48",
    "73": "Font35_49",
    "74": "Font35_4A",
    "75": "Font35_4B",
    "76": "Font35_4C",
    "77": "Font35_4D",
    "78": "Font35_4E",
    "79": "Font35_4F",
    "80": "Font35_50",
    "81": "Font35_51",
    "82": "Font35_52",
    "83": "Font35_53",
    "84": "Font35_54",
    "85": "Font35_55",
    "86": "Font35_56",
    "87": "Font35_57",
    "88": "Font35_58",
    "89": "Font35_59",
    "90": "Font35_5A",
    "91": "Font35_5B",
    "92": "Font35_5C",
    "93": "Font35_5D",
    "94": "Font35_5E",
    "95": "Font35_5F",
    "96": "Font35_60",
    "97": "Font35_61",
    "98": "Font35_62",
    "99": "Font35_63",
    "100": "Font35_64",
    "101": "Font35_65",
    "102": "Font35_66",
    "103": "Font35_67",
    "104": "Font35_68",
    "105": "Font35_69",
    "106": "Font35_6A",
    "107": "Font35_6B",
    "108": "Font35_6C",
    "109": "Font35_6D",
    "110": "Font35_6E",
    "111": "Font35_6F",
    "112": "Font35_70",
    "113": "Font35_71",
    "114": "Font35_72",
    "115": "Font35_73",
    "116": "Font35_74",
    "117": "Font35_75",
    "118": "Font35_76",
    "119": "Font35_77",
    "120": "Font35_78",
    "121": "Font35_79",
    "122": "Font35_7A",
    "123": "Font35_7B",
    "124": "Font35_7C",
    "125": "Font35_7D",
    "126": "Font35_7E",
    "127": "Font35_7F"
  }