{
  "-37": "Font57_DB",
  "32": "Font57_20",
  "33": "Font57_21",
    "34": "Font57_22",
    "35": "Font57_23",
    "36": "Font57_24",
    "37": "Font57_25",
    "38": "Font57_26",
    "39": "Font57_27",
    "40": "Font57_28",
    "41": "Font57_29",
    "42": "Font57_2A",
    "43": "Font57_2B",
    "44": "Font57_2C",
    "45": "Font57_2D",
    "46": "Font57_2E",
    "47": "Font57_2F",
    "48": "Font57_30",
    "49": "Font57_31",
    "50": "Font57_32",
    "51": "Font57_33",
    "52": "Font57_34",
    "53": "Font57_35",
    "54": "Font57_36",
    "55": "Font57_37",
    "56": "Font57_38",
    "57": "Font57_39",
    "58": "Font57_3A",
    "59": "Font57_3B",
    "60": "Font57_3C",
    "61": "Font57_3D",
    "62": "Font57_3E",
    "63": "Font57_3F",
    "64": "Font57_40",
    "65": "Font57_41",
    "66": "Font57_42",
    "67": "Font57_43",
    "68": "Font57_44",
    "69": "Font57_45",
    "70": "Font57_46",
    "71": "Font57_47",
    "72": "Font57_48",
    "73": "Font57_49",
    "74": "Font57_4A",
    "75": "Font57_4B",
    "76": "Font57_4C",
    "77": "Font57_4D",
    "78": "Font57_4E",
    "79": "Font57_4F",
    "80": "Font57_50",
    "81": "Font57_51",
    "82": "Font57_52",
    "83": "Font57_53",
    "84": "Font57_54",
    "85": "Font57_55",
    "86": "Font57_56",
    "87": "Font57_57",
    "88": "Font57_58",
    "89": "Font57_59",
    "90": "Font57_5A",
    "91": "Font57_5B",
    "92": "Font57_5C",
    "93": "Font57_5D",
    "94": "Font57_5E",
    "95": "Font57_5F",
    "96": "Font57_60",
    "97": "Font57_61",
    "98": "Font57_62",
    "99": "Font57_63",
    "100": "Font57_64",
    "101": "Font57_65",
    "102": "Font57_66",
    "103": "Font57_67",
    "104": "Font57_68",
    "105": "Font57_69",
    "106": "Font57_6A",
    "107": "Font57_6B",
    "108": "Font57_6C",
    "109": "Font57_6D",
    "110": "Font57_6E",
    "111": "Font57_6F",
    "112": "Font57_70",
    "113": "Font57_71",
    "114": "Font57_72",
    "115": "Font57_73",
    "116": "Font57_74",
    "117": "Font57_75",
    "118": "Font57_76",
    "119": "Font57_77",
    "120": "Font57_78",
    "121": "Font57_79",
    "122": "Font57_7A",
    "123": "Font57_7B",
    "124": "Font57_7C",
    "125": "Font57_7D",
    "126": "Font57_7E",
    "127": "Font57_7F"
  }