{
    "0": "RomFont00",
    "1": "RomFont01",
    "2": "RomFont02",
    "3": "RomFont03",
    "4": "RomFont04",
    "5": "RomFont05",
    "6": "RomFont06",
    "7": "RomFont07",
    "8": "RomFont08",
    "9": "RomFont09",
    "10": "RomFont0A",
    "11": "RomFont0B",
    "12": "RomFont0C",
    "13": "RomFont0D",
    "14": "RomFont0E",
    "15": "RomFont0F",
    "16": "RomFont10",
    "17": "RomFont11",
    "18": "RomFont12",
    "19": "RomFont13",
    "20": "RomFont14",
    "21": "RomFont15",
    "22": "RomFont16",
    "23": "RomFont17",
    "24": "RomFont18",
    "25": "RomFont19",
    "26": "RomFont1A",
    "27": "RomFont1B",
    "28": "RomFont1C",
    "29": "RomFont1D",
    "30": "RomFont1E",
    "31": "RomFont1F",
    "32": "RomFont20",
    "33": "RomFont21",
    "34": "RomFont22",
    "35": "RomFont23",
    "36": "RomFont24",
    "37": "RomFont25",
    "38": "RomFont26",
    "39": "RomFont27",
    "40": "RomFont28",
    "41": "RomFont29",
    "42": "RomFont2A",
    "43": "RomFont2B",
    "44": "RomFont2C",
    "45": "RomFont2D",
    "46": "RomFont2E",
    "47": "RomFont2F",
    "48": "RomFont30",
    "49": "RomFont31",
    "50": "RomFont32",
    "51": "RomFont33",
    "52": "RomFont34",
    "53": "RomFont35",
    "54": "RomFont36",
    "55": "RomFont37",
    "56": "RomFont38",
    "57": "RomFont39",
    "58": "RomFont3A",
    "59": "RomFont3B",
    "60": "RomFont3C",
    "61": "RomFont3D",
    "62": "RomFont3E",
    "63": "RomFont3F",
    "64": "RomFont40",
    "65": "RomFont41",
    "66": "RomFont42",
    "67": "RomFont43",
    "68": "RomFont44",
    "69": "RomFont45",
    "70": "RomFont46",
    "71": "RomFont47",
    "72": "RomFont48",
    "73": "RomFont49",
    "74": "RomFont4A",
    "75": "RomFont4B",
    "76": "RomFont4C",
    "77": "RomFont4D",
    "78": "RomFont4E",
    "79": "RomFont4F",
    "80": "RomFont50",
    "81": "RomFont51",
    "82": "RomFont52",
    "83": "RomFont53",
    "84": "RomFont54",
    "85": "RomFont55",
    "86": "RomFont56",
    "87": "RomFont57",
    "88": "RomFont58",
    "89": "RomFont59",
    "90": "RomFont5A",
    "91": "RomFont5B",
    "92": "RomFont5C",
    "93": "RomFont5D",
    "94": "RomFont5E",
    "95": "RomFont5F",
    "96": "RomFont60",
    "97": "RomFont61",
    "98": "RomFont62",
    "99": "RomFont63",
   "100": "RomFont64",
   "101": "RomFont65",
   "102": "RomFont66",
   "103": "RomFont67",
   "104": "RomFont68",
   "105": "RomFont69",
   "106": "RomFont6A",
   "107": "RomFont6B",
   "108": "RomFont6C",
   "109": "RomFont6D",
   "110": "RomFont6E",
   "111": "RomFont6F",
   "112": "RomFont70",
   "113": "RomFont71",
   "114": "RomFont72",
   "115": "RomFont73",
   "116": "RomFont74",
   "117": "RomFont75",
   "118": "RomFont76",
   "119": "RomFont77",
   "120": "RomFont78",
   "121": "RomFont79",
   "122": "RomFont7A",
   "123": "RomFont7B",
   "124": "RomFont7C",
   "125": "RomFont7D",
   "126": "RomFont7E",
   "127": "RomFont7F",
  "-128": "RomFont80",
  "-127": "RomFont81",
  "-126": "RomFont82",
  "-125": "RomFont83",
  "-124": "RomFont84",
  "-123": "RomFont85",
  "-122": "RomFont86",
  "-121": "RomFont87",
  "-120": "RomFont88",
  "-119": "RomFont89",
  "-118": "RomFont8A",
  "-117": "RomFont8B",
  "-116": "RomFont8C",
  "-115": "RomFont8D",
  "-114": "RomFont8E",
  "-113": "RomFont8F",
  "-112": "RomFont90",
  "-111": "RomFont91",
  "-110": "RomFont92",
  "-109": "RomFont93",
  "-108": "RomFont94",
  "-107": "RomFont95",
  "-106": "RomFont96",
  "-105": "RomFont97",
  "-104": "RomFont98",
  "-103": "RomFont99",
  "-102": "RomFont9A",
  "-101": "RomFont9B",
  "-100": "RomFont9C",
   "-99": "RomFont9D",
   "-98": "RomFont9E",
   "-97": "RomFont9F",
   "-96": "RomFontA0",
   "-95": "RomFontA1",
   "-94": "RomFontA2",
   "-93": "RomFontA3",
   "-92": "RomFontA4",
   "-91": "RomFontA5",
   "-90": "RomFontA6",
   "-89": "RomFontA7",
   "-88": "RomFontA8",
   "-87": "RomFontA9",
   "-86": "RomFontAA",
   "-85": "RomFontAB",
   "-84": "RomFontAC",
   "-83": "RomFontAD",
   "-82": "RomFontAE",
   "-81": "RomFontAF",
   "-80": "RomFontB0",
   "-79": "RomFontB1",
   "-78": "RomFontB2",
   "-77": "RomFontB3",
   "-76": "RomFontB4",
   "-75": "RomFontB5",
   "-74": "RomFontB6",
   "-73": "RomFontB7",
   "-72": "RomFontB8",
   "-71": "RomFontB9",
   "-70": "RomFontBA",
   "-69": "RomFontBB",
   "-68": "RomFontBC",
   "-67": "RomFontBD",
   "-66": "RomFontBE",
   "-65": "RomFontBF",
   "-64": "RomFontC0",
   "-63": "RomFontC1",
   "-62": "RomFontC2",
   "-61": "RomFontC3",
   "-60": "RomFontC4",
   "-59": "RomFontC5",
   "-58": "RomFontC6",
   "-57": "RomFontC7",
   "-56": "RomFontC8",
   "-55": "RomFontC9",
   "-54": "RomFontCA",
   "-53": "RomFontCB",
   "-52": "RomFontCC",
   "-51": "RomFontCD",
   "-50": "RomFontCE",
   "-49": "RomFontCF",
   "-48": "RomFontD0",
   "-47": "RomFontD1",
   "-46": "RomFontD2",
   "-45": "RomFontD3",
   "-44": "RomFontD4",
   "-43": "RomFontD5",
   "-42": "RomFontD6",
   "-41": "RomFontD7",
   "-40": "RomFontD8",
   "-39": "RomFontD9",
   "-38": "RomFontDA",
   "-37": "RomFontDB",
   "-36": "RomFontDC",
   "-35": "RomFontDD",
   "-34": "RomFontDE",
   "-33": "RomFontDF",
   "-32": "RomFontE0",
   "-31": "RomFontE1",
   "-30": "RomFontE2",
   "-29": "RomFontE3",
   "-28": "RomFontE4",
   "-27": "RomFontE5",
   "-26": "RomFontE6",
   "-25": "RomFontE7",
   "-24": "RomFontE8",
   "-23": "RomFontE9",
   "-22": "RomFontEA",
   "-21": "RomFontEB",
   "-20": "RomFontEC",
   "-19": "RomFontED",
   "-18": "RomFontEE",
   "-17": "RomFontEF",
   "-16": "RomFontF0",
   "-15": "RomFontF1",
   "-14": "RomFontF2",
   "-13": "RomFontF3",
   "-12": "RomFontF4",
   "-11": "RomFontF5",
   "-10": "RomFontF6",
   "-9": "RomFontF7",
   "-8": "RomFontF8",
   "-7": "RomFontF9",
   "-6": "RomFontFA",
   "-5": "RomFontFB",
   "-4": "RomFontFC",
   "-3": "RomFontFD",
   "-2": "RomFontFE",
   "-1": "RomFontFF"
}