{
    "State.Splash": "config/ui/layouts/State.Splash.json",
    "State.MainMenu": "config/ui/layouts/State.MainMenu.json",
    "State.About": "config/ui/layouts/State.About.json",
    "State.ConfirmQuit": "config/ui/layouts/State.ConfirmQuit.json",
    "State.ConfirmAbandon": "config/ui/layouts/State.ConfirmAbandon.json",
    "State.ConfirmOverwrite": "config/ui/layouts/State.ConfirmOverwrite.json",
    "State.Options": "config/ui/layouts/State.Options.json",
    "State.Start": "config/ui/layouts/State.Start.json",
    "State.LeavePlay": "config/ui/layouts/State.LeavePlay.json",
    "State.LoadGame": "config/ui/layouts/State.LoadGame.json",
    "State.SaveGame": "config/ui/layouts/State.SaveGame.json",
    "Sublayout.Modded":"config/ui/layouts/Sublayout.Modded.json",
    "State.Tip":"config/ui/layouts/State.Tip.json",
    "State.Statistics":"config/ui/layouts/State.Statistics.json",
    "Sublayout.UIHamburger":"config/ui/layouts/Sublayout.UIHamburger.json",
    "Sublayout.AtSeaStatistics":"config/ui/layouts/Sublayout.AtSeaStatistics.json",
    "State.InPlay.AtSea":"config/ui/layouts/State.InPlay.AtSea.json",
    "State.InPlay.ChangeSpeed":"config/ui/layouts/State.InPlay.ChangeSpeed.json",
    "State.InPlay.Docked":"config/ui/layouts/State.InPlay.Docked.json",
    "State.InPlay.Win":"config/ui/layouts/State.InPlay.Win.json",
    "State.InPlay.Lose":"config/ui/layouts/State.InPlay.Lose.json",
    "State.InPlay.WorldMap":"config/ui/layouts/State.InPlay.WorldMap.json",
    "State.InPlay.IslandJobs":"config/ui/layouts/State.InPlay.IslandJobs.json",
    "State.InPlay.ConfirmReplaceJob": "config/ui/layouts/State.InPlay.ConfirmReplaceJob.json",
    "State.InPlay.ConfirmAbandonJob": "config/ui/layouts/State.InPlay.ConfirmAbandonJob.json",
    "State.InPlay.AvatarJob": "config/ui/layouts/State.InPlay.AvatarJob.json",
    "State.InPlay.IslandTrade": "config/ui/layouts/State.InPlay.IslandTrade.json",
    "State.InPlay.IslandBuy": "config/ui/layouts/State.InPlay.IslandBuy.json",
    "State.InPlay.IslandSell": "config/ui/layouts/State.InPlay.IslandSell.json",
    "State.InPlay.Cargo": "config/ui/layouts/State.InPlay.Cargo.json",
    "State.InPlay.ShipStatus": "config/ui/layouts/State.InPlay.ShipStatus.json",
    "State.InPlay.Shipyard": "config/ui/layouts/State.InPlay.Shipyard.json",
    "State.InPlay.DarkAlleyEntrance": "config/ui/layouts/State.InPlay.DarkAlleyEntrance.json",
    "State.InPlay.DarkAlley": "config/ui/layouts/State.InPlay.DarkAlley.json",
    "State.InPlay.Message": "config/ui/layouts/State.InPlay.Message.json",
    "State.InPlay.Confirm": "config/ui/layouts/State.InPlay.Confirm.json",
    "State.InPlay.GambleStart": "config/ui/layouts/State.InPlay.GambleStart.json",
    "State.InPlay.GambleFinish": "config/ui/layouts/State.InPlay.GambleFinish.json",
    "State.InPlay.AtSeaCareenSelect": "config/ui/layouts/State.InPlay.AtSeaCareenSelect.json",
    "State.InPlay.CareenedToPort": "config/ui/layouts/State.InPlay.CareenedToPort.json",
    "State.InPlay.CareenedToStarboard": "config/ui/layouts/State.InPlay.CareenedToStarboard.json",
    "State.InPlay.Temple": "config/ui/layouts/State.InPlay.Temple.json",
    "State.InPlay.MakeOffering": "config/ui/layouts/State.InPlay.MakeOffering.json",
    "State.InPlay.AvatarStatus": "config/ui/layouts/State.InPlay.AvatarStatus.json"
}