[
    {
        "type": "Image",
        "sprite": "Background",
        "color": "DarkGray",
        "x": 0,
        "y": 0
    },
    {
        "type": "Text",
        "font": "default",
        "color": "LightGreen",
        "text": "==ABOUT==",
        "x": 320,
        "y": 8,
        "horizontal-alignment": 0,
        "drop-shadow": true,
        "drop-shadow-color": "Black",
        "drop-shadow-x": 2,
        "drop-shadow-y": 2
    },
    {
        "type": "Text",
        "font": "default",
        "color": "Gray",
        "text": "A Production of TheGrumpyGameDev",
        "x": 320,
        "y": 32,
        "horizontal-alignment": 0,
        "drop-shadow": true,
        "drop-shadow-color": "Black",
        "drop-shadow-x": 2,
        "drop-shadow-y": 2
    },
    {
        "type": "Terminal",
        "terminal-id": "terminal",
        "font": "font8x8",
        "x":0,
        "y":0,
        "columns":40,
        "rows":22,
        "cell-width":16,
        "cell-height":16,
        "background-color": "Black",
        "foreground-color": "Gray"
    },
    {
        "type": "Layout",
        "name": "Sublayout.Modded"
    }
]