[
    {
        "type": "Image",
        "sprite": "Splash",
        "color": "White",
        "x": 0,
        "y": 0
    },
    {
        "type": "Text",
        "font": "default",
        "color": "Cyan",
        "text": "Seafarers of SPLORR!!",
        "x": 640,
        "y": 344,
        "horizontal-alignment": 0,
        "drop-shadow": true,
        "drop-shadow-color": "Black",
        "drop-shadow-x": 2,
        "drop-shadow-y": 2
    },
    {
        "type": "Text",
        "font": "font5x7",
        "color": "Gray",
        "text": "A Production of TheGrumpyGameDev",
        "x": 640,
        "y": 680,
        "horizontal-alignment": 0,
        "drop-shadow": true,
        "drop-shadow-color": "Black",
        "drop-shadow-x": 1,
        "drop-shadow-y": 1
    }
]