[
    {
        "type": "Text",
        "text-id": "tool-tip",
        "font": "font5x7",
        "color": "Gray",
        "text": "",
        "x": 632,
        "y": 288,
        "horizontal-alignment": -1,
        "drop-shadow": true,
        "drop-shadow-color": "Black",
        "drop-shadow-x": 1,
        "drop-shadow-y": 1
    },
    {
        "type": "Text",
        "text-id": "avatar-money",
        "font": "default",
        "color": "Yellow",
        "text": "<money>",
        "x": 632,
        "y": 304,
        "horizontal-alignment": -1,
        "drop-shadow": true,
        "drop-shadow-color": "Black",
        "drop-shadow-x": 2,
        "drop-shadow-y": 2
    },
    {
        "type": "Text",
        "text-id": "avatar-reputation",
        "font": "default",
        "color": "Blue",
        "text": "<reputation>",
        "x": 504,
        "y": 336,
        "horizontal-alignment": -1,
        "drop-shadow": true,
        "drop-shadow-color": "Black",
        "drop-shadow-x": 2,
        "drop-shadow-y": 2
    },
    {
        "type": "Text",
        "text-id": "avatar-satiety",
        "font": "default",
        "color": "Magenta",
        "text": "<satiety>",
        "x": 632,
        "y": 320,
        "horizontal-alignment": -1,
        "drop-shadow": true,
        "drop-shadow-color": "Black",
        "drop-shadow-x": 2,
        "drop-shadow-y": 2
    },
    {
        "type": "Text",
        "text-id": "avatar-health",
        "font": "default",
        "color": "Red",
        "text": "<health>",
        "x": 536,
        "y": 320,
        "horizontal-alignment": -1,
        "drop-shadow": true,
        "drop-shadow-color": "Black",
        "drop-shadow-x": 2,
        "drop-shadow-y": 2
    },
    {
        "type": "Text",
        "text-id": "avatar-turns",
        "font": "default",
        "color": "DarkGray",
        "text": "<turns left>",
        "x": 632,
        "y": 336,
        "horizontal-alignment": -1,
        "drop-shadow": true,
        "drop-shadow-color": "Black",
        "drop-shadow-x": 2,
        "drop-shadow-y": 2
    },
    {
        "type": "Text",
        "text-id": "avatar-heading",
        "font": "default",
        "color": "Gray",
        "text": "<heading>",
        "x": 158,
        "y": 336,
        "horizontal-alignment": -1,
        "drop-shadow": true,
        "drop-shadow-color": "Black",
        "drop-shadow-x": 2,
        "drop-shadow-y": 2
    },
    {
        "type": "Text",
        "text-id": "avatar-speed",
        "font": "default",
        "color": "Green",
        "text": "<speed>",
        "x": 174,
        "y": 336,
        "horizontal-alignment": 1,
        "drop-shadow": true,
        "drop-shadow-color": "Black",
        "drop-shadow-x": 2,
        "drop-shadow-y": 2
    },
    {
        "type":"Area",
        "area-id":"HoverMoney",
        "tool-tip": "Money",
        "x":480,
        "y":304,
        "width":160,
        "height":16
    },    
    {
        "type":"Area",
        "area-id":"HoverReputation",
        "tool-tip": "Reputation",
        "x":456,
        "y":336,
        "width":48,
        "height":16
    },    
    {
        "type":"Area",
        "area-id":"HoverHealth",
        "tool-tip": "Health",
        "x":456,
        "y":320,
        "width":80,
        "height":16
    },    
    {
        "type":"Area",
        "area-id":"HoverHunger",
        "tool-tip": "Hunger",
        "x":552,
        "y":320,
        "width":80,
        "height":16
    },    
    {
        "type":"Area",
        "area-id":"HoverTurns",
        "tool-tip": "Turns Remaining",
        "x":520,
        "y":336,
        "width":112,
        "height":16
    }
]