[
    {
        "type": "Image",
        "sprite": "Background",
        "color": "DarkGray",
        "x": 0,
        "y": 0
    },
    {
        "type": "Text",
        "font": "default",
        "color": "LightGreen",
        "text": "==STATUS==",
        "x": 320,
        "y": 8,
        "horizontal-alignment": 0,
        "drop-shadow": true,
        "drop-shadow-color": "Black",
        "drop-shadow-x": 2,
        "drop-shadow-y": 2
    },
    {
        "type": "Text",
        "text-id":"ToolTip",
        "font": "font5x7",
        "color": "Gray",
        "text": "",
        "x": 632,
        "y": 8,
        "horizontal-alignment": -1,
        "drop-shadow": true,
        "drop-shadow-color": "Black",
        "drop-shadow-x": 1,
        "drop-shadow-y": 1
    },
    {
        "type":"SpriteGrid",
        "sprite-grid-id":"Grid",
        "x":8,
        "y":32,
        "cell-width":16,
        "cell-height":16,
        "drop-shadow": true,
        "drop-shadow-color": "Black",
        "drop-shadow-x": 2,
        "drop-shadow-y": 2
    },
    {
        "type": "Button",
        "button-id":"Equipment",
        "font": "default",
        "colors": {
            "hilite":"Cyan",
            "normal":"Gray"
        },
        "text": "Equipment",
        "x": 632,
        "y": 304,
        "horizontal-alignment": -1,
        "drop-shadow": true,
        "drop-shadow-color": "Black",
        "drop-shadow-x": 2,
        "drop-shadow-y": 2,
        "enabled": true
    },
    {
        "type": "Button",
        "button-id":"Job",
        "font": "default",
        "colors": {
            "hilite":"Cyan",
            "normal":"Gray"
        },
        "text": "Job",
        "x": 632,
        "y": 320,
        "horizontal-alignment": -1,
        "drop-shadow": true,
        "drop-shadow-color": "Black",
        "drop-shadow-x": 2,
        "drop-shadow-y": 2,
        "enabled": true
    },
    {
        "type": "Button",
        "button-id":"GoBack",
        "font": "default",
        "colors": {
            "hilite":"Cyan",
            "normal":"Gray"
        },
        "text": "Go Back",
        "x": 632,
        "y": 336,
        "horizontal-alignment": -1,
        "drop-shadow": true,
        "drop-shadow-color": "Black",
        "drop-shadow-x": 2,
        "drop-shadow-y": 2,
        "enabled": true
    },
    {
        "type":"Area",
        "area-id":"Equipment",
        "x":480,
        "y":304,
        "width":160,
        "height":16
    },
    {
        "type":"Area",
        "area-id":"Job",
        "x":480,
        "y":320,
        "width":160,
        "height":16
    },
    {
        "type":"Area",
        "area-id":"GoBack",
        "x":480,
        "y":336,
        "width":160,
        "height":16
    },    
    {
        "type":"Area",
        "area-id":"HoverMoney",
        "tool-tip": "Money",
        "x":480,
        "y":32,
        "width":160,
        "height":16
    },    
    {
        "type":"Area",
        "area-id":"HoverReputation",
        "tool-tip": "Reputation",
        "x":480,
        "y":48,
        "width":160,
        "height":16
    },    
    {
        "type":"Area",
        "area-id":"HoverBrawling",
        "tool-tip": "Brawling",
        "x":480,
        "y":64,
        "width":160,
        "height":16
    },    
    {
        "type":"Area",
        "area-id":"HoverHealth",
        "tool-tip": "Health",
        "x":480,
        "y":80,
        "width":160,
        "height":16
    },    
    {
        "type":"Area",
        "area-id":"HoverHunger",
        "tool-tip": "Hunger",
        "x":480,
        "y":96,
        "width":160,
        "height":16
    },    
    {
        "type":"Area",
        "area-id":"HoverTurns",
        "tool-tip": "Turns Remaining",
        "x":480,
        "y":112,
        "width":160,
        "height":16
    },    
    {
        "type":"Area",
        "area-id":"HoverDignity",
        "tool-tip": "Dignity",
        "x":480,
        "y":128,
        "width":160,
        "height":16
    },    
    {
        "type":"Area",
        "area-id":"HoverPoshness",
        "tool-tip": "Poshness",
        "x":480,
        "y":144,
        "width":160,
        "height":16
    },    
    {
        "type": "Layout",
        "name": "Sublayout.Modded"
    }
]