[
    {
        "type": "Terminal",
        "terminal-id": "status",
        "font": "font5x7",
        "x":0,
        "y":0,
        "columns":214,
        "rows":2,
        "cell-width":6,
        "cell-height":8,
        "background-color": "Gray",
        "foreground-color": "Black"
    },
    {
        "type": "Terminal",
        "terminal-id": "terminal",
        "font": "font8x8",
        "x":0,
        "y":16,
        "columns":80,
        "rows":44,
        "cell-width":16,
        "cell-height":16,
        "background-color": "Black",
        "foreground-color": "Gray"
    }
]