[
    {
        "type": "Image",
        "sprite": "Background",
        "color": "DarkGray",
        "x": 0,
        "y": 0
    },
    {
        "type": "Text",
        "text-id": "Caption",
        "font": "default",
        "color": "LightGreen",
        "text": "<caption>",
        "x": 320,
        "y": 8,
        "horizontal-alignment": 0,
        "drop-shadow": true,
        "drop-shadow-color": "Black",
        "drop-shadow-x": 2,
        "drop-shadow-y": 2
    },
    {
        "type":"SpriteGrid",
        "sprite-grid-id":"Grid",
        "x":8,
        "y":32,
        "cell-width":16,
        "cell-height":16,
        "drop-shadow": true,
        "drop-shadow-color": "Black",
        "drop-shadow-x": 2,
        "drop-shadow-y": 2
    },
    {
        "type": "Layout",
        "name": "Sublayout.Modded"
    }
]