[
    {
        "type": "Image",
        "sprite": "Background",
        "color": "DarkGray",
        "x": 0,
        "y": 0
    },
    {
        "type": "Text",
        "text-id": "Prompt",
        "font": "default",
        "color": "LightRed",
        "text": "<prompt>",
        "x": 320,
        "y": 8,
        "horizontal-alignment": 0,
        "drop-shadow": true,
        "drop-shadow-color": "Black",
        "drop-shadow-x": 2,
        "drop-shadow-y": 2
    },
    {
        "type": "Menu",
        "menu-id": "Confirm",
        "index": 0,
        "font": "default",
        "colors": {
            "active": "Cyan",
            "inactive": "Gray"
        },
        "horizontal-alignment": 0,
        "drop-shadow": true,
        "drop-shadow-color": "Black",
        "drop-shadow-x": 2,
        "drop-shadow-y": 2,
        "menu-items": [
            {
                "text": "No",
                "menu-item-id":"No",
                "x": 320,
                "y": 32
            },
            {
                "text": "Yes",
                "menu-item-id":"Yes",
                "x": 320,
                "y": 48
            }
        ]
    },
    {
        "type":"Area",
        "area-id":"No",
        "x":240,
        "y":32,
        "width":160,
        "height":16,
        "menu":{
            "menu-id":"Confirm",
            "menu-item-id":"No"
        }
    },
    {
        "type":"Area",
        "area-id":"Yes",
        "x":240,
        "y":48,
        "width":160,
        "height":16,
        "menu":{
            "menu-id":"Confirm",
            "menu-item-id":"Yes"
        }
    },
    {
        "type": "Layout",
        "name": "Sublayout.Modded"
    }
]