[
    {
        "type": "Image",
        "sprite": "Background",
        "color": "DarkGray",
        "x": 0,
        "y": 0
    },
    {
        "type": "Text",
        "font": "default",
        "color": "LightGreen",
        "text": "==Buy==",
        "x": 320,
        "y": 8,
        "horizontal-alignment": 0,
        "drop-shadow": true,
        "drop-shadow-color": "Black",
        "drop-shadow-x": 2,
        "drop-shadow-y": 2
    },
    {
        "type":"SpriteGrid",
        "sprite-grid-id":"Grid",
        "x":8,
        "y":32,
        "cell-width":16,
        "cell-height":16,
        "drop-shadow": true,
        "drop-shadow-color": "Black",
        "drop-shadow-x": 2,
        "drop-shadow-y": 2
    },
    {
        "text-id": "IncreaseQuantity",
        "type": "Text",
        "font": "default",
        "color": "Gray",
        "text": "+",
        "x": 600,
        "y": 320,
        "horizontal-alignment": 1,
        "drop-shadow": true,
        "drop-shadow-color": "Black",
        "drop-shadow-x": 2,
        "drop-shadow-y": 2
    },
    {
        "text-id": "DecreaseQuantity",
        "type": "Text",
        "font": "default",
        "color": "Gray",
        "text": "-",
        "x": 616,
        "y": 320,
        "horizontal-alignment": 1,
        "drop-shadow": true,
        "drop-shadow-color": "Black",
        "drop-shadow-x": 2,
        "drop-shadow-y": 2
    },
    {
        "text-id": "Quantity",
        "type": "Text",
        "font": "default",
        "color": "Gray",
        "text": "<qty>",
        "x": 600,
        "y": 320,
        "horizontal-alignment": -1,
        "drop-shadow": true,
        "drop-shadow-color": "Black",
        "drop-shadow-x": 2,
        "drop-shadow-y": 2
    },
    {
        "text-id": "GoBack",
        "type": "Text",
        "font": "default",
        "color": "Gray",
        "text": "Go Back",
        "x": 632,
        "y": 336,
        "horizontal-alignment": -1,
        "drop-shadow": true,
        "drop-shadow-color": "Black",
        "drop-shadow-x": 2,
        "drop-shadow-y": 2
    },
    {
        "type":"Area",
        "area-id":"List",
        "x":8,
        "y":64,
        "width":624,
        "height":256
    },
    {
        "type":"Area",
        "area-id": "GoBack",
        "x": 520,
        "y": 336,
        "width": 112,
        "height": 16
    },
    {
        "type":"Area",
        "area-id": "IncreaseQuantity",
        "x": 600,
        "y": 320,
        "width": 16,
        "height": 16
    },
    {
        "type":"Area",
        "area-id": "DecreaseQuantity",
        "x": 616,
        "y": 320,
        "width": 16,
        "height": 16
    },
    {
        "type": "Layout",
        "name": "Sublayout.Modded"
    }
]