[
    {
        "type": "Image",
        "sprite": "Background",
        "color": "DarkGray",
        "x": 0,
        "y": 0
    },
    {
        "type": "Text",
        "font": "default",
        "color": "LightGreen",
        "text": "==DARK ALLEY ENTRANCE==",
        "x": 320,
        "y": 8,
        "horizontal-alignment": 0,
        "drop-shadow": true,
        "drop-shadow-color": "Black",
        "drop-shadow-x": 2,
        "drop-shadow-y": 2
    },
    {
        "type": "Text",
        "text-id":"FightState",
        "font": "default",
        "color": "Gray",
        "text": "Pick a face card to defeat enemy",
        "x": 320,
        "y": 48,
        "horizontal-alignment": 0,
        "drop-shadow": true,
        "drop-shadow-color": "Black",
        "drop-shadow-x": 2,
        "drop-shadow-y": 2
    },
    {
        "type": "Text",
        "text-id":"Button",
        "font": "default",
        "color": "Gray",
        "text": "<button>",
        "x": 320,
        "y": 332,
        "horizontal-alignment": 0,
        "drop-shadow": true,
        "drop-shadow-color": "Black",
        "drop-shadow-x": 2,
        "drop-shadow-y": 2
    },
    {
        "type": "Text",
        "font": "default",
        "color": "Gray",
        "text": "Enemy:",
        "x": 8,
        "y": 80,
        "horizontal-alignment": 1,
        "drop-shadow": true,
        "drop-shadow-color": "Black",
        "drop-shadow-x": 2,
        "drop-shadow-y": 2
    },
    {
        "type": "Text",
        "text-id":"EnemyBrawling",
        "font": "default",
        "color": "Brown",
        "text": "<enemy brawl>",
        "x": 8,
        "y": 96,
        "horizontal-alignment": 1,
        "drop-shadow": true,
        "drop-shadow-color": "Black",
        "drop-shadow-x": 2,
        "drop-shadow-y": 2
    },
    {
        "type": "Text",
        "font": "default",
        "color": "Gray",
        "text": "You:",
        "x": 8,
        "y": 128,
        "horizontal-alignment": 1,
        "drop-shadow": true,
        "drop-shadow-color": "Black",
        "drop-shadow-x": 2,
        "drop-shadow-y": 2
    },
    {
        "type": "Text",
        "text-id":"Brawling",
        "font": "default",
        "color": "Brown",
        "text": "<brawling>",
        "x": 8,
        "y": 144,
        "horizontal-alignment": 1,
        "drop-shadow": true,
        "drop-shadow-color": "Black",
        "drop-shadow-x": 2,
        "drop-shadow-y": 2
    },
    {
        "type": "Text",
        "text-id":"Health",
        "font": "default",
        "color": "Red",
        "text": "<health>",
        "x": 8,
        "y": 160,
        "horizontal-alignment": 1,
        "drop-shadow": true,
        "drop-shadow-color": "Black",
        "drop-shadow-x": 2,
        "drop-shadow-y": 2
    },
    {
        "type": "Image",
        "image-id": "Card0",
        "sprite": "CardBackRed",
        "color": "White",
        "x": 192,
        "y": 84
    },
    {
        "type": "Image",
        "image-id": "Card1",
        "sprite": "CardBackRed",
        "color": "White",
        "x": 256,
        "y": 84
    },
    {
        "type": "Image",
        "image-id": "Card2",
        "sprite": "CardBackRed",
        "color": "White",
        "x": 320,
        "y": 84
    },
    {
        "type": "Image",
        "image-id": "Card3",
        "sprite": "CardBackRed",
        "color": "White",
        "x": 384,
        "y": 84
    },
    {
        "type": "Image",
        "image-id": "Card4",
        "sprite": "CardBackRed",
        "color": "White",
        "x": 192,
        "y": 164
    },
    {
        "type": "Image",
        "image-id": "Card5",
        "sprite": "CardBackRed",
        "color": "White",
        "x": 256,
        "y": 164
    },
    {
        "type": "Image",
        "image-id": "Card6",
        "sprite": "CardBackRed",
        "color": "White",
        "x": 320,
        "y": 164
    },
    {
        "type": "Image",
        "image-id": "Card7",
        "sprite": "CardBackRed",
        "color": "White",
        "x": 384,
        "y": 164
    },
    {
        "type": "Image",
        "image-id": "Card8",
        "sprite": "CardBackRed",
        "color": "White",
        "x": 192,
        "y": 244
    },
    {
        "type": "Image",
        "image-id": "Card9",
        "sprite": "CardBackRed",
        "color": "White",
        "x": 256,
        "y": 244
    },
    {
        "type": "Image",
        "image-id": "Card10",
        "sprite": "CardBackRed",
        "color": "White",
        "x": 320,
        "y": 244
    },
    {
        "type": "Image",
        "image-id": "Card11",
        "sprite": "CardBackRed",
        "color": "White",
        "x": 384,
        "y": 244
    },
    {
        "type": "Image",
        "image-id": "Card0Select",
        "sprite": "CardLighten",
        "color": "White",
        "x": 192,
        "y": 84,
        "visible": false
    },
    {
        "type": "Image",
        "image-id": "Card1Select",
        "sprite": "CardLighten",
        "color": "White",
        "x": 256,
        "y": 84,
        "visible": false
    },
    {
        "type": "Image",
        "image-id": "Card2Select",
        "sprite": "CardLighten",
        "color": "White",
        "x": 320,
        "y": 84,
        "visible": false
    },
    {
        "type": "Image",
        "image-id": "Card3Select",
        "sprite": "CardLighten",
        "color": "White",
        "x": 384,
        "y": 84,
        "visible": false
    },
    {
        "type": "Image",
        "image-id": "Card4Select",
        "sprite": "CardLighten",
        "color": "White",
        "x": 192,
        "y": 164,
        "visible": false
    },
    {
        "type": "Image",
        "image-id": "Card5Select",
        "sprite": "CardLighten",
        "color": "White",
        "x": 256,
        "y": 164,
        "visible": false
    },
    {
        "type": "Image",
        "image-id": "Card6Select",
        "sprite": "CardLighten",
        "color": "White",
        "x": 320,
        "y": 164,
        "visible": false
    },
    {
        "type": "Image",
        "image-id": "Card7Select",
        "sprite": "CardLighten",
        "color": "White",
        "x": 384,
        "y": 164,
        "visible": false
    },
    {
        "type": "Image",
        "image-id": "Card8Select",
        "sprite": "CardLighten",
        "color": "White",
        "x": 192,
        "y": 244,
        "visible": false
    },
    {
        "type": "Image",
        "image-id": "Card9Select",
        "sprite": "CardLighten",
        "color": "White",
        "x": 256,
        "y": 244,
        "visible": false
    },
    {
        "type": "Image",
        "image-id": "Card10Select",
        "sprite": "CardLighten",
        "color": "White",
        "x": 320,
        "y": 244,
        "visible": false
    },
    {
        "type": "Image",
        "image-id": "Card11Select",
        "sprite": "CardLighten",
        "color": "White",
        "x": 384,
        "y": 244,
        "visible": false
    },
    {
        "type": "Area",
        "area-id": "Card0Hover",
        "sprite": "CardLighten",
        "color": "White",
        "x": 192,
        "y": 84,
        "width":64,
        "height":64
    },
    {
        "type": "Text",
        "text-id":"Card0Adjacent",
        "font": "default",
        "color": "LightBlue",
        "text": "",
        "x": 224,
        "y": 108,
        "horizontal-alignment": 0,
        "drop-shadow": true,
        "drop-shadow-color": "Black",
        "drop-shadow-x": 2,
        "drop-shadow-y": 2
    },
    {
        "type": "Text",
        "text-id":"Card1Adjacent",
        "font": "default",
        "color": "LightBlue",
        "text": "",
        "x": 288,
        "y": 108,
        "horizontal-alignment": 0,
        "drop-shadow": true,
        "drop-shadow-color": "Black",
        "drop-shadow-x": 2,
        "drop-shadow-y": 2
    },
    {
        "type": "Text",
        "text-id":"Card2Adjacent",
        "font": "default",
        "color": "LightBlue",
        "text": "",
        "x": 352,
        "y": 108,
        "horizontal-alignment": 0,
        "drop-shadow": true,
        "drop-shadow-color": "Black",
        "drop-shadow-x": 2,
        "drop-shadow-y": 2
    },
    {
        "type": "Text",
        "text-id":"Card3Adjacent",
        "font": "default",
        "color": "LightBlue",
        "text": "",
        "x": 416,
        "y": 108,
        "horizontal-alignment": 0,
        "drop-shadow": true,
        "drop-shadow-color": "Black",
        "drop-shadow-x": 2,
        "drop-shadow-y": 2
    },
    {
        "type": "Text",
        "text-id":"Card4Adjacent",
        "font": "default",
        "color": "LightBlue",
        "text": "",
        "x": 224,
        "y": 188,
        "horizontal-alignment": 0,
        "drop-shadow": true,
        "drop-shadow-color": "Black",
        "drop-shadow-x": 2,
        "drop-shadow-y": 2
    },
    {
        "type": "Text",
        "text-id":"Card5Adjacent",
        "font": "default",
        "color": "LightBlue",
        "text": "",
        "x": 288,
        "y": 188,
        "horizontal-alignment": 0,
        "drop-shadow": true,
        "drop-shadow-color": "Black",
        "drop-shadow-x": 2,
        "drop-shadow-y": 2
    },
    {
        "type": "Text",
        "text-id":"Card6Adjacent",
        "font": "default",
        "color": "LightBlue",
        "text": "",
        "x": 352,
        "y": 188,
        "horizontal-alignment": 0,
        "drop-shadow": true,
        "drop-shadow-color": "Black",
        "drop-shadow-x": 2,
        "drop-shadow-y": 2
    },
    {
        "type": "Text",
        "text-id":"Card7Adjacent",
        "font": "default",
        "color": "LightBlue",
        "text": "",
        "x": 416,
        "y": 188,
        "horizontal-alignment": 0,
        "drop-shadow": true,
        "drop-shadow-color": "Black",
        "drop-shadow-x": 2,
        "drop-shadow-y": 2
    },
    {
        "type": "Text",
        "text-id":"Card8Adjacent",
        "font": "default",
        "color": "LightBlue",
        "text": "",
        "x": 224,
        "y": 268,
        "horizontal-alignment": 0,
        "drop-shadow": true,
        "drop-shadow-color": "Black",
        "drop-shadow-x": 2,
        "drop-shadow-y": 2
    },
    {
        "type": "Text",
        "text-id":"Card9Adjacent",
        "font": "default",
        "color": "LightBlue",
        "text": "",
        "x": 288,
        "y": 268,
        "horizontal-alignment": 0,
        "drop-shadow": true,
        "drop-shadow-color": "Black",
        "drop-shadow-x": 2,
        "drop-shadow-y": 2
    },
    {
        "type": "Text",
        "text-id":"Card10Adjacent",
        "font": "default",
        "color": "LightBlue",
        "text": "",
        "x": 352,
        "y": 268,
        "horizontal-alignment": 0,
        "drop-shadow": true,
        "drop-shadow-color": "Black",
        "drop-shadow-x": 2,
        "drop-shadow-y": 2
    },
    {
        "type": "Text",
        "text-id":"Card11Adjacent",
        "font": "default",
        "color": "LightBlue",
        "text": "",
        "x": 416,
        "y": 268,
        "horizontal-alignment": 0,
        "drop-shadow": true,
        "drop-shadow-color": "Black",
        "drop-shadow-x": 2,
        "drop-shadow-y": 2
    },
    {
        "type": "Area",
        "area-id": "Card1Hover",
        "x": 256,
        "y": 84,
        "width":64,
        "height":64
    },
    {
        "type": "Area",
        "area-id": "Card2Hover",
        "x": 320,
        "y": 84,
        "width":64,
        "height":64
    },
    {
        "type": "Area",
        "area-id": "Card3Hover",
        "x": 384,
        "y": 84,
        "width":64,
        "height":64
    },
    {
        "type": "Area",
        "area-id": "Card4Hover",
        "x": 192,
        "y": 164,
        "width":64,
        "height":64
    },
    {
        "type": "Area",
        "area-id": "Card5Hover",
        "x": 256,
        "y": 164,
        "width":64,
        "height":64
    },
    {
        "type": "Area",
        "area-id": "Card6Hover",
        "x": 320,
        "y": 164,
        "width":64,
        "height":64
    },
    {
        "type": "Area",
        "area-id": "Card7Hover",
        "x": 384,
        "y": 164,
        "width":64,
        "height":64
    },
    {
        "type": "Area",
        "area-id": "Card8Hover",
        "x": 192,
        "y": 244,
        "width":64,
        "height":64
    },
    {
        "type": "Area",
        "area-id": "Card9Hover",
        "sprite": "CardLighten",
        "color": "White",
        "x": 256,
        "y": 244,
        "width":64,
        "height":64
    },
    {
        "type": "Area",
        "area-id": "Card10Hover",
        "sprite": "CardLighten",
        "color": "White",
        "x": 320,
        "y": 244,
        "width":64,
        "height":64
    },
    {
        "type": "Area",
        "area-id": "Card11Hover",
        "x": 384,
        "y": 244,
        "width":64,
        "height":64
    },
    {
        "type": "Area",
        "area-id": "ButtonHover",
        "x": 160,
        "y": 332,
        "width":320,
        "height":16
    },
    {
        "type": "Layout",
        "name": "Sublayout.Modded"
    }
]