[
    {
        "type": "Image",
        "sprite": "Background",
        "color": "DarkGray",
        "x": 0,
        "y": 0
    },
    {
        "type": "Text",
        "font": "default",
        "color": "LightGreen",
        "text": "==Trade==",
        "x": 320,
        "y": 8,
        "horizontal-alignment": 0,
        "drop-shadow": true,
        "drop-shadow-color": "Black",
        "drop-shadow-x": 2,
        "drop-shadow-y": 2
    },
    {
        "type": "Menu",
        "menu-id": "Trade",
        "index": 0,
        "font": "default",
        "colors": {
            "active": "Cyan",
            "inactive": "Gray"
        },
        "horizontal-alignment": 0,
        "drop-shadow": true,
        "drop-shadow-color": "Black",
        "drop-shadow-x": 2,
        "drop-shadow-y": 2,
        "menu-items": [
            {
                "text": "Buy",
                "menu-item-id": "Buy",
                "x": 320,
                "y": 32
            },
            {
                "text": "Sell",
                "menu-item-id": "Sell",
                "x": 320,
                "y": 48
            },
            {
                "text": "Leave",
                "menu-item-id": "Leave",
                "x": 320,
                "y": 64
            }
        ]
    },
    {
        "type":"Area",
        "area-id":"Buy",
        "x":240,
        "y":32,
        "width":160,
        "height":16,
        "menu":{
            "menu-id":"Trade",
            "menu-item-id":"Buy"
        }
    },
    {
        "type":"Area",
        "area-id":"Sell",
        "x":240,
        "y":48,
        "width":160,
        "height":16,
        "menu":{
            "menu-id":"Trade",
            "menu-item-id":"Sell"
        }
    },
    {
        "type":"Area",
        "area-id":"Leave",
        "x":240,
        "y":64,
        "width":160,
        "height":16,
        "menu":{
            "menu-id":"Trade",
            "menu-item-id":"Leave"
        }
    },
    {
        "type": "Layout",
        "name": "Sublayout.Modded"
    }
]