[
    {
        "type": "Image",
        "sprite": "Background",
        "color": "DarkGray",
        "x": 0,
        "y": 0
    },
    {
        "type": "Text",
        "font": "default",
        "color": "LightGreen",
        "text": "==AT SEA==",
        "x": 320,
        "y": 8,
        "horizontal-alignment": 0,
        "drop-shadow": true,
        "drop-shadow-color": "Black",
        "drop-shadow-x": 2,
        "drop-shadow-y": 2
    },
    {
        "type": "Menu",
        "menu-id": "Order",
        "index": 0,
        "font": "default",
        "colors": {
            "active": "Cyan",
            "inactive": "Gray"
        },
        "horizontal-alignment": 0,
        "drop-shadow": true,
        "drop-shadow-color": "Black",
        "drop-shadow-x": 2,
        "drop-shadow-y": 2,
        "menu-items": [
            {
                "text": "World Map",
                "menu-item-id":"WorldMap",
                "x": 480,
                "y": 32
            },
            {
                "text": "Start Move",
                "menu-item-id":"Move",
                "x": 480,
                "y": 48
            },
            {
                "text": "Move Once",
                "menu-item-id":"MoveOnce",
                "x": 480,
                "y": 64
            },
            {
                "text": "Status",
                "menu-item-id":"Status",
                "x": 480,
                "y": 80
            },
            {
                "text": "Ship Status",
                "menu-item-id":"Ship",
                "x": 480,
                "y": 96,
                "enabled": true
            },
            {
                "text": "Dock",
                "menu-item-id":"Dock",
                "x": 480,
                "y": 112,
                "enabled": false
            }
        ]
    },
    {
        "type":"Area",
        "area-id":"WorldMap",
        "x":320,
        "y":32,
        "width":320,
        "height":16,
        "menu":{
            "menu-id":"Order",
            "menu-item-id":"WorldMap"
        }
    },
    {
        "type":"Area",
        "area-id":"Move",
        "x":320,
        "y":48,
        "width":320,
        "height":16,
        "menu":{
            "menu-id":"Order",
            "menu-item-id":"Move"
        }
    },
    {
        "type":"Area",
        "area-id":"MoveOnce",
        "x":320,
        "y":64,
        "width":320,
        "height":16,
        "menu":{
            "menu-id":"Order",
            "menu-item-id":"MoveOnce"
        }
    },
    {
        "type":"Area",
        "area-id":"Dock",
        "x":320,
        "y":112,
        "width":320,
        "height":16,
        "menu":{
            "menu-id":"Order",
            "menu-item-id":"Dock"
        }
    },
    {
        "type":"Area",
        "area-id":"Status",
        "x":320,
        "y":80,
        "width":320,
        "height":16,
        "menu":{
            "menu-id":"Order",
            "menu-item-id":"Status"
        }
    },
    {
        "type":"Area",
        "area-id":"Ship",
        "x":320,
        "y":96,
        "width":320,
        "height":16,
        "menu":{
            "menu-id":"Order",
            "menu-item-id":"Ship"
        }
    },
    {
        "type":"Area",
        "area-id":"ChangeHeading",
        "x":2,
        "y":22,
        "width":320,
        "height":320,
        "menu":{
            "menu-id":"Order",
            "menu-item-id":"Move"
        }
    },
    {
        "type": "Image",
        "sprite": "AtSeaViewCircle",
        "color": "White",
        "x": 162,
        "y": 182
    },
    {
        "type": "Navigator",
        "x": 162,
        "y": 182,
        "radius": 150,
        "text-offset-x": 0,
        "text-offset-y": 8
    },
    {
        "image-id":"NewHeading",
        "type": "Image",
        "sprite": "AtSeaNewHeading",
        "color": "White",
        "x": 162,
        "y": 182,
        "visible": false
    },
    {
        "type":"SpriteGrid",
        "sprite-grid-id":"Log",
        "x":320,
        "y":144,
        "cell-width":6,
        "cell-height":8,
        "drop-shadow": true,
        "drop-shadow-color": "Black",
        "drop-shadow-x": 1,
        "drop-shadow-y": 1
    },
    {
        "type": "Layout",
        "name": "Sublayout.AtSeaStatistics"
    },
    {
        "type": "Layout",
        "name": "Sublayout.UIHamburger"
    },
    {
        "type": "Layout",
        "name": "Sublayout.Modded"
    }
]