[
    {
        "type": "Image",
        "sprite": "Background",
        "color": "DarkGray",
        "x": 0,
        "y": 0
    },
    {
        "type": "Image",
        "sprite": "WorldMap",
        "color": "White",
        "x": 0,
        "y": 0
    },
    {
        "type": "Text",
        "font": "default",
        "color": "LightGreen",
        "text": "==WORLD MAP==",
        "x": 320,
        "y": 8,
        "horizontal-alignment": 0,
        "drop-shadow": true,
        "drop-shadow-color": "Black",
        "drop-shadow-x": 2,
        "drop-shadow-y": 2
    },
    {
        "type":"WorldMap",
        "world-map-id":"WorldMap",
        "x": 25,
        "y": 60,
        "width": 250,
        "height": 250
    },
    {
        "type":"Area",
        "area-id": "WorldMap",
        "x": 25,
        "y": 60,
        "width": 250,
        "height": 250
    },
    {
        "text-id": "HoverIsland",
        "type": "Text",
        "font": "default",
        "color": "Gray",
        "text": "<hover island>",
        "x": 632,
        "y": 32,
        "horizontal-alignment": -1,
        "drop-shadow": true,
        "drop-shadow-color": "Black",
        "drop-shadow-x": 2,
        "drop-shadow-y": 2
    },
    {
        "text-id": "RemoveTarget",
        "type": "Text",
        "font": "default",
        "color": "Gray",
        "text": "Remove Target",
        "x": 632,
        "y": 320,
        "horizontal-alignment": -1,
        "drop-shadow": true,
        "drop-shadow-color": "Black",
        "drop-shadow-x": 2,
        "drop-shadow-y": 2
    },
    {
        "text-id": "GoBack",
        "type": "Text",
        "font": "default",
        "color": "Gray",
        "text": "Go Back",
        "x": 632,
        "y": 336,
        "horizontal-alignment": -1,
        "drop-shadow": true,
        "drop-shadow-color": "Black",
        "drop-shadow-x": 2,
        "drop-shadow-y": 2
    },
    {
        "type": "Image",
        "sprite": "AtSeaDestination1",
        "color": "White",
        "x": 368,
        "y": 172
    },
    {
        "type": "Image",
        "image-id": "Selection1",
        "sprite": "AtSeaSelection",
        "color": "White",
        "x": 368,
        "y": 172,
        "visible":false
    },
    {
        "type": "Image",
        "image-id": "Hover1",
        "sprite": "AtSeaSelectionHover",
        "color": "White",
        "x": 368,
        "y": 172,
        "visible":false
    },
    {
        "text-id": "DestinationName1",
        "type": "Text",
        "font": "default",
        "color": "Gray",
        "text": "<destination1>",
        "x": 376,
        "y": 164,
        "horizontal-alignment": 1,
        "drop-shadow": true,
        "drop-shadow-color": "Black",
        "drop-shadow-x": 2,
        "drop-shadow-y": 2
    },
    {
        "type": "Image",
        "sprite": "AtSeaDestination2",
        "color": "White",
        "x": 368,
        "y": 188
    },
    {
        "type": "Image",
        "image-id": "Selection2",
        "sprite": "AtSeaSelection",
        "color": "White",
        "x": 368,
        "y": 188,
        "visible":false
    },
    {
        "type": "Image",
        "image-id": "Hover2",
        "sprite": "AtSeaSelectionHover",
        "color": "White",
        "x": 368,
        "y": 188,
        "visible":false
    },
    {
        "text-id": "DestinationName2",
        "type": "Text",
        "font": "default",
        "color": "Gray",
        "text": "<destination2>",
        "x": 376,
        "y": 180,
        "horizontal-alignment": 1,
        "drop-shadow": true,
        "drop-shadow-color": "Black",
        "drop-shadow-x": 2,
        "drop-shadow-y": 2
    },
    {
        "type": "Image",
        "sprite": "AtSeaDestination3",
        "color": "White",
        "x": 368,
        "y": 204
    },
    {
        "type": "Image",
        "image-id": "Selection3",
        "sprite": "AtSeaSelection",
        "color": "White",
        "x": 368,
        "y": 204,
        "visible":false
    },
    {
        "type": "Image",
        "image-id": "Hover3",
        "sprite": "AtSeaSelectionHover",
        "color": "White",
        "x": 368,
        "y": 204,
        "visible":false
    },
    {
        "text-id": "DestinationName3",
        "type": "Text",
        "font": "default",
        "color": "Gray",
        "text": "<destination3>",
        "x": 376,
        "y": 196,
        "horizontal-alignment": 1,
        "drop-shadow": true,
        "drop-shadow-color": "Black",
        "drop-shadow-x": 2,
        "drop-shadow-y": 2
    },
    {
        "type": "Image",
        "sprite": "AtSeaDestination4",
        "color": "White",
        "x": 368,
        "y": 220
    },
    {
        "type": "Image",
        "image-id": "Selection4",
        "sprite": "AtSeaSelection",
        "color": "White",
        "x": 368,
        "y": 220,
        "visible":false
    },
    {
        "type": "Image",
        "image-id": "Hover4",
        "sprite": "AtSeaSelectionHover",
        "color": "White",
        "x": 368,
        "y": 220,
        "visible":false
    },
    {
        "text-id": "DestinationName4",
        "type": "Text",
        "font": "default",
        "color": "Gray",
        "text": "<destination4>",
        "x": 376,
        "y": 212,
        "horizontal-alignment": 1,
        "drop-shadow": true,
        "drop-shadow-color": "Black",
        "drop-shadow-x": 2,
        "drop-shadow-y": 2
    },
    {
        "type":"Area",
        "area-id": "Select1",
        "x": 360,
        "y": 164,
        "width": 16,
        "height": 16
    },
    {
        "type":"Area",
        "area-id": "Select2",
        "x": 360,
        "y": 180,
        "width": 16,
        "height": 16
    },
    {
        "type":"Area",
        "area-id": "Select3",
        "x": 360,
        "y": 196,
        "width": 16,
        "height": 16
    },
    {
        "type":"Area",
        "area-id": "Select4",
        "x": 360,
        "y": 212,
        "width": 16,
        "height": 16
    },
    {
        "type":"Area",
        "area-id": "RemoveTarget",
        "x": 424,
        "y": 320,
        "width": 208,
        "height": 16
    },
    {
        "type":"Area",
        "area-id": "GoBack",
        "x": 520,
        "y": 336,
        "width": 112,
        "height": 16
    },
    {
        "type": "Layout",
        "name": "Sublayout.Modded"
    }
]