[
    {
        "type": "Image",
        "sprite": "Background",
        "color": "DarkGray",
        "x": 0,
        "y": 0
    },
    {
        "type": "Text",
        "font": "default",
        "color": "LightGreen",
        "text": "==PLACE YER BETS==",
        "x": 320,
        "y": 8,
        "horizontal-alignment": 0,
        "drop-shadow": true,
        "drop-shadow-color": "Black",
        "drop-shadow-x": 2,
        "drop-shadow-y": 2
    },
    {
        "type": "Image",
        "image-id": "FirstCard",
        "sprite": "CardBackRed",
        "color": "White",
        "x": 256,
        "y": 112
    },
    {
        "type": "Image",
        "image-id": "SecondCard",
        "sprite": "CardBackRed",
        "color": "White",
        "x": 320,
        "y": 112
    },
    {
        "type": "Image",
        "image-id": "ThirdCard",
        "sprite": "CardBackRed",
        "color": "White",
        "x": 288,
        "y": 184
    },
    {
        "type": "Text",
        "font": "default",
        "color": "Gray",
        "text": "Is the card rank between the first two?",
        "x": 320,
        "y": 48,
        "horizontal-alignment": 0,
        "drop-shadow": true,
        "drop-shadow-color": "Black",
        "drop-shadow-x": 2,
        "drop-shadow-y": 2
    },
    {
        "type": "Text",
        "text-id":"Wager",
        "font": "default",
        "color": "Gray",
        "text": "<bet>",
        "x": 320,
        "y": 80,
        "horizontal-alignment": 0,
        "drop-shadow": true,
        "drop-shadow-color": "Black",
        "drop-shadow-x": 2,
        "drop-shadow-y": 2
    },
    {
        "type": "Menu",
        "menu-id": "Wager",
        "index": 0,
        "font": "default",
        "colors": {
            "active": "Cyan",
            "inactive": "Gray"
        },
        "horizontal-alignment": 0,
        "drop-shadow": true,
        "drop-shadow-color": "Black",
        "drop-shadow-x": 2,
        "drop-shadow-y": 2,
        "menu-items": [
            {
                "text": "Bet!",
                "menu-item-id": "Bet",
                "x": 320,
                "y": 272
            },
            {
                "text": "Change Bet...",
                "menu-item-id": "ChangeBet",
                "x": 320,
                "y": 288
            },
            {
                "text": "No Bet",
                "menu-item-id": "NoBet",
                "x": 320,
                "y": 304
            },
            {
                "text": "Leave",
                "menu-item-id": "Leave",
                "x": 320,
                "y": 320
            }
        ]
    },
    {
        "type":"Area",
        "area-id":"Bet",
        "x":240,
        "y":272,
        "width":160,
        "height":16,
        "menu":{
            "menu-id":"Wager",
            "menu-item-id":"Bet"
        }
    },
    {
        "type":"Area",
        "area-id":"ChangeBet",
        "x":240,
        "y":288,
        "width":160,
        "height":16,
        "menu":{
            "menu-id":"Wager",
            "menu-item-id":"ChangeBet"
        }
    },
    {
        "type":"Area",
        "area-id":"NoBet",
        "x":240,
        "y":304,
        "width":160,
        "height":16,
        "menu":{
            "menu-id":"Wager",
            "menu-item-id":"NoBet"
        }
    },
    {
        "type":"Area",
        "area-id":"Leave",
        "x":240,
        "y":320,
        "width":160,
        "height":16,
        "menu":{
            "menu-id":"Wager",
            "menu-item-id":"Leave"
        }
    },
    {
        "type": "Layout",
        "name": "Sublayout.Modded"
    }
]