[
    {
        "type": "Image",
        "sprite": "Background",
        "color": "DarkGray",
        "x": 0,
        "y": 0
    },
    {
        "type": "Text",
        "font": "default",
        "color": "LightGreen",
        "text": "==Change Speed==",
        "x": 320,
        "y": 8,
        "horizontal-alignment": 0,
        "drop-shadow": true,
        "drop-shadow-color": "Black",
        "drop-shadow-x": 2,
        "drop-shadow-y": 2
    },
    {
        "type": "Menu",
        "menu-id": "ChangeSpeed",
        "index": 0,
        "font": "default",
        "colors": {
            "active": "Cyan",
            "inactive": "Gray"
        },
        "horizontal-alignment": 0,
        "drop-shadow": true,
        "drop-shadow-color": "Black",
        "drop-shadow-x": 2,
        "drop-shadow-y": 2,
        "menu-items": [
            {
                "text": "All Stop",
                "menu-item-id": "AllStop",
                "x": 320,
                "y": 32
            },
            {
                "text": "Ahead 1/3",
                "menu-item-id": "Ahead1",
                "x": 320,
                "y": 48
            },
            {
                "text": "Ahead 2/3",
                "menu-item-id": "Ahead2",
                "x": 320,
                "y": 64
            },
            {
                "text": "Ahead Full",
                "menu-item-id": "AheadFull",
                "x": 320,
                "y": 80
            },
            {
                "text": "Ahead Flank",
                "menu-item-id": "AheadFlank",
                "x": 320,
                "y": 96
            },
            {
                "text": "Belay",
                "menu-item-id": "Belay",
                "x": 320,
                "y": 112
            }
        ]
    },
    {
        "type":"Area",
        "area-id":"AllStop",
        "x":240,
        "y":32,
        "width":160,
        "height":16,
        "menu":{
            "menu-id":"ChangeSpeed",
            "menu-item-id":"AllStop"
        }
    },
    {
        "type":"Area",
        "area-id":"Ahead1",
        "x":240,
        "y":48,
        "width":160,
        "height":16,
        "menu":{
            "menu-id":"ChangeSpeed",
            "menu-item-id":"Ahead1"
        }
    },
    {
        "type":"Area",
        "area-id":"Ahead2",
        "x":240,
        "y":64,
        "width":160,
        "height":16,
        "menu":{
            "menu-id":"ChangeSpeed",
            "menu-item-id":"Ahead2"
        }
    },
    {
        "type":"Area",
        "area-id":"AheadFull",
        "x":240,
        "y":80,
        "width":160,
        "height":16,
        "menu":{
            "menu-id":"ChangeSpeed",
            "menu-item-id":"AheadFull"
        }
    },
    {
        "type":"Area",
        "area-id":"AheadFlank",
        "x":240,
        "y":96,
        "width":160,
        "height":16,
        "menu":{
            "menu-id":"ChangeSpeed",
            "menu-item-id":"AheadFlank"
        }
    },
    {
        "type":"Area",
        "area-id":"Belay",
        "x":240,
        "y":112,
        "width":160,
        "height":16,
        "menu":{
            "menu-id":"ChangeSpeed",
            "menu-item-id":"Belay"
        }
    },
    {
        "type": "Layout",
        "name": "Sublayout.Modded"
    }
]