[
    {
        "type": "Image",
        "sprite": "Background",
        "color": "DarkGray",
        "x": 0,
        "y": 0
    },
    {
        "type": "Text",
        "font": "default",
        "color": "LightGreen",
        "text": "==SHIP STATUS==",
        "x": 320,
        "y": 8,
        "horizontal-alignment": 0,
        "drop-shadow": true,
        "drop-shadow-color": "Black",
        "drop-shadow-x": 2,
        "drop-shadow-y": 2
    },
    {
        "type": "Text",
        "text-id": "ShipType",
        "font": "default",
        "color": "Gray",
        "text": "<ship type>",
        "x": 320,
        "y": 32,
        "horizontal-alignment": 0,
        "drop-shadow": true,
        "drop-shadow-color": "Black",
        "drop-shadow-x": 2,
        "drop-shadow-y": 2
    },
    {
        "type": "Text",
        "text-id": "SpeedFactor",
        "font": "default",
        "color": "Gray",
        "text": "<speed factor>",
        "x": 320,
        "y": 48,
        "horizontal-alignment": 0,
        "drop-shadow": true,
        "drop-shadow-color": "Black",
        "drop-shadow-x": 2,
        "drop-shadow-y": 2
    },
    {
        "type": "Text",
        "text-id": "Tonnage",
        "font": "default",
        "color": "Gray",
        "text": "<tonnage>",
        "x": 320,
        "y": 64,
        "horizontal-alignment": 0,
        "drop-shadow": true,
        "drop-shadow-color": "Black",
        "drop-shadow-x": 2,
        "drop-shadow-y": 2
    },
    {
        "type": "Text",
        "text-id": "Fouling",
        "font": "default",
        "color": "Gray",
        "text": "<fouling>",
        "x": 320,
        "y": 80,
        "horizontal-alignment": 0,
        "drop-shadow": true,
        "drop-shadow-color": "Black",
        "drop-shadow-x": 2,
        "drop-shadow-y": 2
    },
    {
        "type": "Menu",
        "menu-id": "ShipStatus",
        "index": 0,
        "font": "default",
        "colors": {
            "active": "Cyan",
            "inactive": "Gray"
        },
        "horizontal-alignment": -1,
        "drop-shadow": true,
        "drop-shadow-color": "Black",
        "drop-shadow-x": 2,
        "drop-shadow-y": 2,
        "menu-items": [
            {
                "text": "Change Speed...",
                "menu-item-id": "ChangeSpeed",
                "x": 632,
                "y": 288
            },
            {
                "text": "Cargo",
                "menu-item-id": "Cargo",
                "x": 632,
                "y": 304
            },
            {
                "text": "Careen...",
                "menu-item-id": "Careen",
                "x": 632,
                "y": 320
            },
            {
                "text": "Go Back",
                "menu-item-id": "GoBack",
                "x": 632,
                "y": 336
            }
        ]
    },
    {
        "type": "Area",
        "area-id": "ChangeSpeed",
        "x": 320,
        "y": 288,
        "width": 320,
        "height": 16,
        "menu": {
            "menu-id": "ShipStatus",
            "menu-item-id": "ChangeSpeed"
        }
    },
    {
        "type": "Area",
        "area-id": "Cargo",
        "x": 320,
        "y": 304,
        "width": 320,
        "height": 16,
        "menu": {
            "menu-id": "ShipStatus",
            "menu-item-id": "Cargo"
        }
    },
    {
        "type": "Area",
        "area-id": "Careen",
        "x": 320,
        "y": 320,
        "width": 320,
        "height": 16,
        "menu": {
            "menu-id": "ShipStatus",
            "menu-item-id": "Careen"
        }
    },
    {
        "type": "Area",
        "area-id": "GoBack",
        "x": 320,
        "y": 336,
        "width": 320,
        "height": 16,
        "menu": {
            "menu-id": "ShipStatus",
            "menu-item-id": "GoBack"
        }
    },
    {
        "type": "Layout",
        "name": "Sublayout.Modded"
    }
]