[
    {
        "type": "Image",
        "sprite": "Background",
        "color": "DarkGray",
        "x": 0,
        "y": 0
    },
    {
        "type": "Text",
        "font": "default",
        "color": "LightGreen",
        "text": "==CAREENED TO STARBOARD=",
        "x": 320,
        "y": 8,
        "horizontal-alignment": 0,
        "drop-shadow": true,
        "drop-shadow-color": "Black",
        "drop-shadow-x": 2,
        "drop-shadow-y": 2
    },
    {
        "type": "Menu",
        "menu-id": "Careen",
        "index": 0,
        "font": "default",
        "colors": {
            "active": "Cyan",
            "inactive": "Gray"
        },
        "horizontal-alignment": 0,
        "drop-shadow": true,
        "drop-shadow-color": "Black",
        "drop-shadow-x": 2,
        "drop-shadow-y": 2,
        "menu-items": [
            {
                "text": "Clean Port Hull",
                "menu-item-id": "CleanHull",
                "x": 320,
                "y": 32
            },
            {
                "text": "Weigh Anchor",
                "menu-item-id": "WeighAnchor",
                "x": 320,
                "y": 48
            }
        ]
    },
    {
        "type":"Area",
        "area-id":"CleanHull",
        "x":240,
        "y":32,
        "width":160,
        "height":16,
        "menu":{
            "menu-id":"Careen",
            "menu-item-id":"CleanHull"
        }
    },
    {
        "type":"Area",
        "area-id":"WeighAnchor",
        "x":240,
        "y":48,
        "width":160,
        "height":16,
        "menu":{
            "menu-id":"Careen",
            "menu-item-id":"WeighAnchor"
        }
    },
    {
        "type": "Layout",
        "name": "Sublayout.Modded"
    }
]