[
    {
        "type": "Image",
        "sprite": "Background",
        "color": "DarkGray",
        "x": 0,
        "y": 0
    },
    {
        "type": "Text",
        "font": "default",
        "color": "LightGreen",
        "text": "==CREW==",
        "x": 320,
        "y": 8,
        "horizontal-alignment": 0,
        "drop-shadow": true,
        "drop-shadow-color": "Black",
        "drop-shadow-x": 2,
        "drop-shadow-y": 2
    },
    {
        "type":"SpriteGrid",
        "sprite-grid-id":"Grid",
        "x":8,
        "y":32,
        "cell-width":16,
        "cell-height":16,
        "drop-shadow": true,
        "drop-shadow-color": "Black",
        "drop-shadow-x": 2,
        "drop-shadow-y": 2
    },
    {
        "type": "Button",
        "button-id": "GoBack",
        "font": "default",
        "colors": {
            "hilite":"Cyan",
            "normal":"Gray"
        },
        "text": "Go Back",
        "x": 632,
        "y": 336,
        "horizontal-alignment": -1,
        "drop-shadow": true,
        "drop-shadow-color": "Black",
        "drop-shadow-x": 2,
        "drop-shadow-y": 2,
        "enabled": true
    },
    {
        "type":"Area",
        "area-id":"List",
        "x":8,
        "y":64,
        "width":624,
        "height":256
    },
    {
        "type":"Area",
        "area-id":"GoBack",
        "x":480,
        "y":336,
        "width":160,
        "height":16
    },
    {
        "type": "Layout",
        "name": "Sublayout.Modded"
    }
]