[
    {
        "type": "Image",
        "sprite": "Background",
        "color": "DarkGray",
        "x": 0,
        "y": 0
    },
    {
        "type": "Text",
        "font": "default",
        "color": "LightGreen",
        "text": "==CURRENT JOB==",
        "x": 320,
        "y": 8,
        "horizontal-alignment": 0,
        "drop-shadow": true,
        "drop-shadow-color": "Black",
        "drop-shadow-x": 2,
        "drop-shadow-y": 2
    },
    {
        "type": "Menu",
        "menu-id": "CurrentJob",
        "index": 0,
        "font": "default",
        "colors": {
            "active": "Cyan",
            "inactive": "Gray"
        },
        "horizontal-alignment": 0,
        "drop-shadow": true,
        "drop-shadow-color": "Black",
        "drop-shadow-x": 2,
        "drop-shadow-y": 2,
        "menu-items": [
            {
                "text": "Abandon",
                "menu-item-id": "Abandon",
                "x": 320,
                "y": 320
            },
            {
                "text": "Cancel",
                "menu-item-id": "Cancel",
                "x": 320,
                "y": 336
            }
        ]
    },
    {
        "type":"Area",
        "area-id":"Abandon",
        "x":240,
        "y":320,
        "width":160,
        "height":16,
        "menu":{
            "menu-id":"CurrentJob",
            "menu-item-id":"Abandon"
        }
    },
    {
        "type":"Area",
        "area-id":"Cancel",
        "x":240,
        "y":336,
        "width":160,
        "height":16,
        "menu":{
            "menu-id":"CurrentJob",
            "menu-item-id":"Cancel"
        }
    },
    {
        "type": "Text",
        "font": "default",
        "color": "Gray",
        "text-id": "Line1",
        "text": "(line 1 of text)",
        "x": 320,
        "y": 76,
        "horizontal-alignment": 0,
        "drop-shadow": true,
        "drop-shadow-color": "Black",
        "drop-shadow-x": 2,
        "drop-shadow-y": 2
    },
    {
        "type": "Text",
        "font": "default",
        "color": "Gray",
        "text-id": "Line2",
        "text": "(line 2 of text)",
        "x": 320,
        "y": 108,
        "horizontal-alignment": 0,
        "drop-shadow": true,
        "drop-shadow-color": "Black",
        "drop-shadow-x": 2,
        "drop-shadow-y": 2
    },
    {
        "type": "Text",
        "font": "default",
        "color": "Gray",
        "text-id": "Line3",
        "text": "(line 3 of text)",
        "x": 320,
        "y": 140,
        "horizontal-alignment": 0,
        "drop-shadow": true,
        "drop-shadow-color": "Black",
        "drop-shadow-x": 2,
        "drop-shadow-y": 2
    },
    {
        "type": "Text",
        "font": "default",
        "color": "Gray",
        "text-id": "Line4",
        "text": "(line 4 of text)",
        "x": 320,
        "y": 172,
        "horizontal-alignment": 0,
        "drop-shadow": true,
        "drop-shadow-color": "Black",
        "drop-shadow-x": 2,
        "drop-shadow-y": 2
    },
    {
        "type": "Text",
        "font": "default",
        "color": "Gray",
        "text-id": "Line5",
        "text": "(line 5 of text)",
        "x": 320,
        "y": 204,
        "horizontal-alignment": 0,
        "drop-shadow": true,
        "drop-shadow-color": "Black",
        "drop-shadow-x": 2,
        "drop-shadow-y": 2
    },
    {
        "type": "Text",
        "font": "default",
        "color": "Gray",
        "text-id": "Line6",
        "text": "(line 6 of text)",
        "x": 320,
        "y": 236,
        "horizontal-alignment": 0,
        "drop-shadow": true,
        "drop-shadow-color": "Black",
        "drop-shadow-x": 2,
        "drop-shadow-y": 2
    },    
    {
        "type": "Layout",
        "name": "Sublayout.Modded"
    }
]