[
    {
        "type": "Image",
        "sprite": "Background",
        "color": "DarkGray",
        "x": 0,
        "y": 0
    },
    {
        "type": "Image",
        "sprite": "FishboardFrame",
        "color": "White",
        "x": 160,
        "y": 32
    },
    {
        "type": "Text",
        "font": "default",
        "color": "LightGreen",
        "text": "==FISHING==",
        "x": 320,
        "y": 8,
        "horizontal-alignment": 0,
        "drop-shadow": true,
        "drop-shadow-color": "Black",
        "drop-shadow-x": 2,
        "drop-shadow-y": 2
    },
    {
        "type": "Text",
        "font": "default",
        "color": "Gray",
        "text": "Guesses:",
        "x": 8,
        "y": 32,
        "horizontal-alignment": 1,
        "drop-shadow": true,
        "drop-shadow-color": "Black",
        "drop-shadow-x": 2,
        "drop-shadow-y": 2
    },
    {
        "type": "Text",
        "text-id":"Guesses",
        "font": "default",
        "color": "Gray",
        "text": "(guesses)",
        "x": 8,
        "y": 48,
        "horizontal-alignment": 1,
        "drop-shadow": true,
        "drop-shadow-color": "Black",
        "drop-shadow-x": 2,
        "drop-shadow-y": 2
    },
    {
        "type": "Text",
        "font": "default",
        "color": "Gray",
        "text": "Progress:",
        "x": 8,
        "y": 80,
        "horizontal-alignment": 1,
        "drop-shadow": true,
        "drop-shadow-color": "Black",
        "drop-shadow-x": 2,
        "drop-shadow-y": 2
    },
    {
        "type": "Text",
        "text-id":"Progress",
        "font": "default",
        "color": "Gray",
        "text": "(progress)",
        "x": 8,
        "y": 96,
        "horizontal-alignment": 1,
        "drop-shadow": true,
        "drop-shadow-color": "Black",
        "drop-shadow-x": 2,
        "drop-shadow-y": 2
    },
    {
        "type": "Text",
        "font": "default",
        "color": "Gray",
        "text": "Bait:",
        "x": 8,
        "y": 128,
        "horizontal-alignment": 1,
        "drop-shadow": true,
        "drop-shadow-color": "Black",
        "drop-shadow-x": 2,
        "drop-shadow-y": 2
    },
    {
        "type": "Text",
        "text-id":"Bait",
        "font": "default",
        "color": "Gray",
        "text": "(bait)",
        "x": 8,
        "y": 144,
        "horizontal-alignment": 1,
        "drop-shadow": true,
        "drop-shadow-color": "Black",
        "drop-shadow-x": 2,
        "drop-shadow-y": 2
    },
    {
        "type":"Fishboard",
        "fishboard-id":"Fishboard",
        "x":160,
        "y":32
    },
    {
        "type": "Menu",
        "menu-id": "Fishing",
        "index": 0,
        "font": "default",
        "colors": {
            "active": "Cyan",
            "inactive": "Gray"
        },
        "horizontal-alignment": -1,
        "drop-shadow": true,
        "drop-shadow-color": "Black",
        "drop-shadow-x": 2,
        "drop-shadow-y": 2,
        "menu-items": [
            {
                "text": "More Bait",
                "menu-item-id": "MoreBait",
                "x": 632,
                "y": 320,
                "enabled": false
            },
            {
                "text": "Give Up!",
                "menu-item-id": "GoBack",
                "x": 632,
                "y": 336
            }
        ]
    },
    {
        "type":"Area",
        "area-id":"Fishboard",
        "x":160,
        "y":32,
        "width":320,
        "height":320
    },    
    {
        "type":"Area",
        "area-id":"GoBack",
        "x":480,
        "y":336,
        "width":160,
        "height":16,
        "menu": {
            "menu-id": "Fishing",
            "menu-item-id": "GoBack"
        }
    },    
    {
        "type":"Area",
        "area-id":"MoreBait",
        "x":480,
        "y":320,
        "width":160,
        "height":16,
        "menu": {
            "menu-id": "Fishing",
            "menu-item-id": "MoreBait"
        }
    },    
    {
        "type": "Layout",
        "name": "Sublayout.Modded"
    }
]