[
    {
        "type": "Image",
        "sprite": "Background",
        "color": "DarkGray",
        "x": 0,
        "y": 0
    },
    {
        "type": "Text",
        "font": "default",
        "color": "LightGreen",
        "text": "==CAREEN TO...==",
        "x": 320,
        "y": 8,
        "horizontal-alignment": 0,
        "drop-shadow": true,
        "drop-shadow-color": "Black",
        "drop-shadow-x": 2,
        "drop-shadow-y": 2
    },
    {
        "type": "Menu",
        "menu-id": "Careen",
        "index": 0,
        "font": "default",
        "colors": {
            "active": "Cyan",
            "inactive": "Gray"
        },
        "horizontal-alignment": 0,
        "drop-shadow": true,
        "drop-shadow-color": "Black",
        "drop-shadow-x": 2,
        "drop-shadow-y": 2,
        "menu-items": [
            {
                "text": "Starboard",
                "menu-item-id": "Starboard",
                "x": 320,
                "y": 32
            },
            {
                "text": "Port",
                "menu-item-id": "Port",
                "x": 320,
                "y": 48
            },
            {
                "text": "Belay",
                "menu-item-id": "Belay",
                "x": 320,
                "y": 64
            }
        ]
    },
    {
        "type":"Area",
        "area-id":"Starboard",
        "x":240,
        "y":32,
        "width":160,
        "height":16,
        "menu":{
            "menu-id":"Careen",
            "menu-item-id":"Starboard"
        }
    },
    {
        "type":"Area",
        "area-id":"Port",
        "x":240,
        "y":48,
        "width":160,
        "height":16,
        "menu":{
            "menu-id":"Careen",
            "menu-item-id":"Port"
        }
    },
    {
        "type":"Area",
        "area-id":"Belay",
        "x":240,
        "y":64,
        "width":160,
        "height":16,
        "menu":{
            "menu-id":"Careen",
            "menu-item-id":"Belay"
        }
    },
    {
        "type": "Layout",
        "name": "Sublayout.Modded"
    }
]